{"count":1,"gauges":{},"self":62.409497599999995,"total":62.5151287,"children":{"AgentSendState":{"count":3065,"self":0.0467568,"total":0.0695276,"children":{"CollectObservations":{"count":3065,"self":0.022770799999999997,"total":0.022770799999999997,"children":null}}},"DecideAction":{"count":3065,"self":0.0108357,"total":0.0108357,"children":null},"AgentAct":{"count":3065,"self":0.024770499999999997,"total":0.024770499999999997,"children":null}}}